[
  {
    "id": "/subscriptions/be025133-e47b-424c-9caf-296faa9ff25d/resourceGroups/DotNetDBClass/providers/Microsoft.Resources/deployments/Sendgrid.sendgrid_azure_1589069283336/operations/F92261E5B398E367",
    "operationId": "F92261E5B398E367",
    "properties": {
      "provisioningOperation": "Create",
      "provisioningState": "Succeeded",
      "timestamp": "2020-05-10T00:09:18.55907Z",
      "duration": "PT1M8.8907799S",
      "trackingId": "80122f87-3447-48cf-8da4-3f94dda07c9b",
      "statusCode": "Created",
      "targetResource": {
        "id": "/subscriptions/be025133-e47b-424c-9caf-296faa9ff25d/resourceGroups/DotNetDBClass/providers/Sendgrid.Email/accounts/kkazinski@my.wctc.edu",
        "resourceType": "Sendgrid.Email/accounts",
        "resourceName": "kkazinski@my.wctc.edu"
      }
    }
  },
  {
    "id": "/subscriptions/be025133-e47b-424c-9caf-296faa9ff25d/resourceGroups/DotNetDBClass/providers/Microsoft.Resources/deployments/Sendgrid.sendgrid_azure_1589069283336/operations/08586125375964014462",
    "operationId": "08586125375964014462",
    "properties": {
      "provisioningOperation": "EvaluateDeploymentOutput",
      "provisioningState": "Succeeded",
      "timestamp": "2020-05-10T00:09:18.6179254Z",
      "duration": "PT0.030641S",
      "trackingId": "685df45e-c397-42bd-aa5b-a5120b730959",
      "statusCode": "OK",
      "statusMessage": null
    }
  }
]