{
  "id": "/subscriptions/be025133-e47b-424c-9caf-296faa9ff25d/resourceGroups/DotNetDBClass/providers/Microsoft.Resources/deployments/Sendgrid.sendgrid_azure_1589069283336",
  "name": "Sendgrid.sendgrid_azure_1589069283336",
  "type": "Microsoft.Resources/deployments",
  "tags": {
    "primaryResourceId": "/subscriptions/be025133-e47b-424c-9caf-296faa9ff25d/resourcegroups/DotNetDBClass/providers/Sendgrid.Email/accounts/kkazinski@my.wctc.edu",
    "marketplaceItemId": "Sendgrid.sendgrid_azure"
  },
  "properties": {
    "templateHash": "9444733720486875145",
    "parameters": {
      "name": {
        "type": "String",
        "value": "kkazinski@my.wctc.edu"
      },
      "location": {
        "type": "String",
        "value": "eastus"
      },
      "plan_name": {
        "type": "String",
        "value": "free"
      },
      "plan_publisher": {
        "type": "String",
        "value": "Sendgrid"
      },
      "plan_product": {
        "type": "String",
        "value": "sendgrid_azure"
      },
      "plan_promotion_code": {
        "type": "String",
        "value": ""
      },
      "password": {
        "type": "SecureString"
      },
      "email": {
        "type": "String",
        "value": "kkazinski@my.wctc.edu"
      },
      "firstName": {
        "type": "String",
        "value": "Ken"
      },
      "lastName": {
        "type": "String",
        "value": "Kazinski"
      },
      "company": {
        "type": "String",
        "value": "Student"
      },
      "website": {
        "type": "String",
        "value": "http://northwind-kkazinski.azurewebsites.net"
      },
      "acceptMarketingEmails": {
        "type": "String",
        "value": "0"
      },
      "tags": {
        "type": "Object",
        "value": {}
      }
    },
    "mode": "Incremental",
    "debugSetting": {
      "detailLevel": "None"
    },
    "provisioningState": "Succeeded",
    "timestamp": "2020-05-10T00:09:18.6362892Z",
    "duration": "PT1M9.5601158S",
    "correlationId": "be465d20-707e-424c-908a-74c4b363834c",
    "providers": [
      {
        "namespace": "Sendgrid.Email",
        "resourceTypes": [
          {
            "resourceType": "accounts",
            "locations": [
              "eastus"
            ]
          }
        ]
      }
    ],
    "dependencies": [],
    "outputResources": [
      {
        "id": "/subscriptions/be025133-e47b-424c-9caf-296faa9ff25d/resourceGroups/DotNetDBClass/providers/Sendgrid.Email/accounts/kkazinski@my.wctc.edu"
      }
    ],
    "validationLevel": "Template"
  }
}